method,semiotic_class,failures
contextual_rule,ADDRESS,2
contextual_rule,APARTMENT,2
contextual_rule,AVAILABILITY,1
contextual_rule,BATCH_ID,1
contextual_rule,CARD_SUFFIX,1
contextual_rule,CLASS_ID,1
contextual_rule,DATE,6
contextual_rule,DATE_RANGE,2
contextual_rule,DAY_OF_MONTH,1
contextual_rule,DECIMAL,5
contextual_rule,DIGITAL_STORAGE,3
contextual_rule,DURATION,3
contextual_rule,EMERGENCY_PHONE,1
contextual_rule,EQUATION,3
contextual_rule,FINANCIAL_RATIO,1
contextual_rule,FLIGHT_ID,1
contextual_rule,FRACTION,1
contextual_rule,FRACTIONAL_DURATION,1
contextual_rule,INTERVAL,1
contextual_rule,INVOICE_ID,1
contextual_rule,KILOMETER_MARKER,1
contextual_rule,LICENSE_PLATE,2
contextual_rule,LOCKER,1
contextual_rule,MEASURE,14
contextual_rule,MEASURE_RANGE,1
contextual_rule,MEDIA_TIMESTAMP,1
contextual_rule,MEDICAL_RATIO,2
contextual_rule,MONEY,7
contextual_rule,MONEY_RANGE,1
contextual_rule,MONEY_RATE,1
contextual_rule,MONTH_YEAR,2
contextual_rule,NEGATIVE_QUANTITY,1
contextual_rule,ORDINAL_ROMAN,1
contextual_rule,PASSPORT_ID,1
contextual_rule,PERCENT,3
contextual_rule,PERCENT_RANGE,1
contextual_rule,PHONE,10
contextual_rule,PHONE_EXTENSION,1
contextual_rule,POWER,3
contextual_rule,PROBABILITY,1
contextual_rule,QUANTITY,7
contextual_rule,QUARTER_YEAR,1
contextual_rule,QUEUE_ID,1
contextual_rule,RANGE,2
contextual_rule,RATIO,3
contextual_rule,ROAD_ROUTE,1
contextual_rule,ROOM,1
contextual_rule,SCIENTIFIC_NOTATION,1
contextual_rule,SCORE,2
contextual_rule,SCORE_SCALE,1
contextual_rule,SEAT,1
contextual_rule,SIGNED_NUMBER,2
contextual_rule,SIGNED_PERCENT,2
contextual_rule,STUDENT_ID,1
contextual_rule,TEMPERATURE,3
contextual_rule,TIME,5
contextual_rule,TIME_RANGE,1
contextual_rule,TRAIN_ID,1
contextual_rule,VERSION,2
contextual_rule,YEAR,1
contextual_rule,YEAR_BCE,1
contextual_rule,YEAR_RANGE,2
direct_num2words,ACCOUNT_NUMBER,1
direct_num2words,ADDRESS,2
direct_num2words,APARTMENT,2
direct_num2words,AVAILABILITY,1
direct_num2words,BATCH_ID,1
direct_num2words,BUS_ROUTE,1
direct_num2words,CARD_SUFFIX,1
direct_num2words,CLASS_ID,1
direct_num2words,DATE,9
direct_num2words,DATE_RANGE,2
direct_num2words,DAY_OF_MONTH,1
direct_num2words,DECIMAL,5
direct_num2words,DIGITAL_STORAGE,3
direct_num2words,DURATION,3
direct_num2words,EMERGENCY_PHONE,3
direct_num2words,EQUATION,3
direct_num2words,ERROR_CODE,1
direct_num2words,FINANCIAL_RATIO,1
direct_num2words,FLIGHT_ID,1
direct_num2words,FRACTION,4
direct_num2words,FRACTIONAL_DURATION,1
direct_num2words,GATE,1
direct_num2words,IDENTIFIER,3
direct_num2words,INTERVAL,1
direct_num2words,INVOICE_ID,1
direct_num2words,ISO_DATE,1
direct_num2words,KILOMETER_MARKER,1
direct_num2words,LICENSE_PLATE,2
direct_num2words,LOCKER,1
direct_num2words,MEASURE,14
direct_num2words,MEASURE_RANGE,1
direct_num2words,MEDIA_TIMESTAMP,1
direct_num2words,MEDICAL_RATIO,2
direct_num2words,MONEY,16
direct_num2words,MONEY_RANGE,1
direct_num2words,MONEY_RATE,1
direct_num2words,MONTH_YEAR,2
direct_num2words,NATIONAL_ID,1
direct_num2words,ORDER_ID,1
direct_num2words,ORDINAL_ROMAN,1
direct_num2words,PASSPORT_ID,1
direct_num2words,PERCENT,3
direct_num2words,PERCENT_RANGE,1
direct_num2words,PHONE,10
direct_num2words,PHONE_EXTENSION,1
direct_num2words,PIN,1
direct_num2words,POWER,3
direct_num2words,PROBABILITY,1
direct_num2words,QUANTITY,8
direct_num2words,QUARTER_YEAR,1
direct_num2words,QUEUE_ID,1
direct_num2words,RANGE,2
direct_num2words,RATIO,3
direct_num2words,RECORD_ID,1
direct_num2words,ROAD_ROUTE,1
direct_num2words,ROOM,3
direct_num2words,SCIENTIFIC_NOTATION,1
direct_num2words,SCORE,2
direct_num2words,SCORE_SCALE,1
direct_num2words,SEAT,1
direct_num2words,SERVICE_PHONE,1
direct_num2words,SIGNED_NUMBER,2
direct_num2words,SIGNED_PERCENT,2
direct_num2words,STUDENT_ID,1
direct_num2words,TABLE_NUMBER,1
direct_num2words,TAX_ID,1
direct_num2words,TEMPERATURE,3
direct_num2words,TIME,9
direct_num2words,TIME_RANGE,1
direct_num2words,TRACKING_ID,1
direct_num2words,TRAIN_ID,1
direct_num2words,VERSION,2
direct_num2words,YEAR,3
direct_num2words,YEAR_BCE,1
direct_num2words,YEAR_RANGE,2
identity,ACCOUNT_NUMBER,1
identity,ADDRESS,2
identity,ALLEY_NUMBER,1
identity,APARTMENT,2
identity,AVAILABILITY,1
identity,BATCH_ID,1
identity,BUS_ROUTE,2
identity,CARD_SUFFIX,1
identity,CLASS_ID,1
identity,DATE,9
identity,DATE_RANGE,2
identity,DAY_OF_MONTH,1
identity,DECIMAL,5
identity,DIGITAL_STORAGE,3
identity,DURATION,3
identity,EMERGENCY_PHONE,3
identity,EQUATION,3
identity,ERROR_CODE,1
identity,FINANCIAL_RATIO,1
identity,FLIGHT_ID,1
identity,FRACTION,4
identity,FRACTIONAL_DURATION,1
identity,GATE,1
identity,HOUSE_NUMBER,1
identity,IDENTIFIER,3
identity,INTERVAL,1
identity,INVOICE_ID,1
identity,ISO_DATE,1
identity,KILOMETER_MARKER,1
identity,LICENSE_PLATE,2
identity,LOCKER,1
identity,MEASURE,14
identity,MEASURE_RANGE,1
identity,MEDIA_TIMESTAMP,1
identity,MEDICAL_RATIO,2
identity,MONEY,18
identity,MONEY_RANGE,1
identity,MONEY_RATE,1
identity,MONTH_YEAR,2
identity,NATIONAL_ID,1
identity,NEGATIVE_QUANTITY,1
identity,ORDER_ID,1
identity,ORDINAL_ROMAN,1
identity,PASSPORT_ID,1
identity,PERCENT,3
identity,PERCENT_RANGE,1
identity,PHONE,10
identity,PHONE_EXTENSION,1
identity,PIN,1
identity,POSTAL_CODE,1
identity,POWER,3
identity,PROBABILITY,1
identity,QUANTITY,19
identity,QUARTER_YEAR,1
identity,QUEUE_ID,1
identity,RADICAL,1
identity,RANGE,2
identity,RATIO,3
identity,RECORD_ID,1
identity,ROAD_ROUTE,1
identity,ROOM,4
identity,SCIENTIFIC_NOTATION,1
identity,SCORE,2
identity,SCORE_SCALE,1
identity,SEAT,1
identity,SERVICE_PHONE,1
identity,SIGNED_NUMBER,2
identity,SIGNED_PERCENT,2
identity,STUDENT_ID,1
identity,TABLE_NUMBER,1
identity,TAX_ID,1
identity,TEMPERATURE,3
identity,TIME,9
identity,TIME_RANGE,1
identity,TRACKING_ID,1
identity,TRAIN_ID,1
identity,VERSION,2
identity,YEAR,7
identity,YEAR_BCE,1
identity,YEAR_RANGE,2
omnivoice_current,ADDRESS,2
omnivoice_current,APARTMENT,2
omnivoice_current,AVAILABILITY,1
omnivoice_current,BATCH_ID,1
omnivoice_current,CARD_SUFFIX,1
omnivoice_current,CLASS_ID,1
omnivoice_current,DATE,6
omnivoice_current,DATE_RANGE,2
omnivoice_current,DAY_OF_MONTH,1
omnivoice_current,DECIMAL,5
omnivoice_current,DIGITAL_STORAGE,3
omnivoice_current,DURATION,3
omnivoice_current,EMERGENCY_PHONE,1
omnivoice_current,EQUATION,3
omnivoice_current,FINANCIAL_RATIO,1
omnivoice_current,FLIGHT_ID,1
omnivoice_current,FRACTION,1
omnivoice_current,FRACTIONAL_DURATION,1
omnivoice_current,INTERVAL,1
omnivoice_current,INVOICE_ID,1
omnivoice_current,KILOMETER_MARKER,1
omnivoice_current,LICENSE_PLATE,2
omnivoice_current,LOCKER,1
omnivoice_current,MEASURE,14
omnivoice_current,MEASURE_RANGE,1
omnivoice_current,MEDIA_TIMESTAMP,1
omnivoice_current,MEDICAL_RATIO,2
omnivoice_current,MONEY,7
omnivoice_current,MONEY_RANGE,1
omnivoice_current,MONEY_RATE,1
omnivoice_current,MONTH_YEAR,2
omnivoice_current,NEGATIVE_QUANTITY,1
omnivoice_current,ORDINAL_ROMAN,1
omnivoice_current,PASSPORT_ID,1
omnivoice_current,PERCENT,3
omnivoice_current,PERCENT_RANGE,1
omnivoice_current,PHONE,10
omnivoice_current,PHONE_EXTENSION,1
omnivoice_current,POWER,3
omnivoice_current,PROBABILITY,1
omnivoice_current,QUANTITY,7
omnivoice_current,QUARTER_YEAR,1
omnivoice_current,QUEUE_ID,1
omnivoice_current,RANGE,2
omnivoice_current,RATIO,3
omnivoice_current,ROAD_ROUTE,1
omnivoice_current,ROOM,1
omnivoice_current,SCIENTIFIC_NOTATION,1
omnivoice_current,SCORE,2
omnivoice_current,SCORE_SCALE,1
omnivoice_current,SEAT,1
omnivoice_current,SIGNED_NUMBER,2
omnivoice_current,SIGNED_PERCENT,2
omnivoice_current,STUDENT_ID,1
omnivoice_current,TEMPERATURE,3
omnivoice_current,TIME,5
omnivoice_current,TIME_RANGE,1
omnivoice_current,TRAIN_ID,1
omnivoice_current,VERSION,2
omnivoice_current,YEAR,1
omnivoice_current,YEAR_BCE,1
omnivoice_current,YEAR_RANGE,2
omnivoice_fallback,ACCOUNT_NUMBER,1
omnivoice_fallback,ADDRESS,2
omnivoice_fallback,APARTMENT,2
omnivoice_fallback,AVAILABILITY,1
omnivoice_fallback,BATCH_ID,1
omnivoice_fallback,BUS_ROUTE,1
omnivoice_fallback,CARD_SUFFIX,1
omnivoice_fallback,CLASS_ID,1
omnivoice_fallback,DATE,9
omnivoice_fallback,DATE_RANGE,2
omnivoice_fallback,DAY_OF_MONTH,1
omnivoice_fallback,DECIMAL,5
omnivoice_fallback,DIGITAL_STORAGE,3
omnivoice_fallback,DURATION,3
omnivoice_fallback,EMERGENCY_PHONE,3
omnivoice_fallback,EQUATION,3
omnivoice_fallback,ERROR_CODE,1
omnivoice_fallback,FINANCIAL_RATIO,1
omnivoice_fallback,FLIGHT_ID,1
omnivoice_fallback,FRACTION,4
omnivoice_fallback,FRACTIONAL_DURATION,1
omnivoice_fallback,GATE,1
omnivoice_fallback,IDENTIFIER,3
omnivoice_fallback,INTERVAL,1
omnivoice_fallback,INVOICE_ID,1
omnivoice_fallback,ISO_DATE,1
omnivoice_fallback,KILOMETER_MARKER,1
omnivoice_fallback,LICENSE_PLATE,2
omnivoice_fallback,LOCKER,1
omnivoice_fallback,MEASURE,14
omnivoice_fallback,MEASURE_RANGE,1
omnivoice_fallback,MEDIA_TIMESTAMP,1
omnivoice_fallback,MEDICAL_RATIO,2
omnivoice_fallback,MONEY,16
omnivoice_fallback,MONEY_RANGE,1
omnivoice_fallback,MONEY_RATE,1
omnivoice_fallback,MONTH_YEAR,2
omnivoice_fallback,NATIONAL_ID,1
omnivoice_fallback,ORDER_ID,1
omnivoice_fallback,ORDINAL_ROMAN,1
omnivoice_fallback,PASSPORT_ID,1
omnivoice_fallback,PERCENT,3
omnivoice_fallback,PERCENT_RANGE,1
omnivoice_fallback,PHONE,10
omnivoice_fallback,PHONE_EXTENSION,1
omnivoice_fallback,PIN,1
omnivoice_fallback,POWER,3
omnivoice_fallback,PROBABILITY,1
omnivoice_fallback,QUANTITY,8
omnivoice_fallback,QUARTER_YEAR,1
omnivoice_fallback,QUEUE_ID,1
omnivoice_fallback,RANGE,2
omnivoice_fallback,RATIO,3
omnivoice_fallback,RECORD_ID,1
omnivoice_fallback,ROAD_ROUTE,1
omnivoice_fallback,ROOM,3
omnivoice_fallback,SCIENTIFIC_NOTATION,1
omnivoice_fallback,SCORE,2
omnivoice_fallback,SCORE_SCALE,1
omnivoice_fallback,SEAT,1
omnivoice_fallback,SERVICE_PHONE,1
omnivoice_fallback,SIGNED_NUMBER,2
omnivoice_fallback,SIGNED_PERCENT,2
omnivoice_fallback,STUDENT_ID,1
omnivoice_fallback,TABLE_NUMBER,1
omnivoice_fallback,TAX_ID,1
omnivoice_fallback,TEMPERATURE,3
omnivoice_fallback,TIME,9
omnivoice_fallback,TIME_RANGE,1
omnivoice_fallback,TRACKING_ID,1
omnivoice_fallback,TRAIN_ID,1
omnivoice_fallback,VERSION,2
omnivoice_fallback,YEAR,3
omnivoice_fallback,YEAR_BCE,1
omnivoice_fallback,YEAR_RANGE,2
vietnormalizer,ACCOUNT_NUMBER,1
vietnormalizer,ADDRESS,2
vietnormalizer,ALLEY_NUMBER,1
vietnormalizer,APARTMENT,2
vietnormalizer,AVAILABILITY,1
vietnormalizer,BATCH_ID,1
vietnormalizer,BUS_ROUTE,2
vietnormalizer,CARD_SUFFIX,1
vietnormalizer,CLASS_ID,1
vietnormalizer,DATE,9
vietnormalizer,DATE_RANGE,2
vietnormalizer,DAY_OF_MONTH,1
vietnormalizer,DECIMAL,5
vietnormalizer,DIGITAL_STORAGE,3
vietnormalizer,DURATION,3
vietnormalizer,EMERGENCY_PHONE,3
vietnormalizer,EQUATION,3
vietnormalizer,ERROR_CODE,1
vietnormalizer,FINANCIAL_RATIO,1
vietnormalizer,FLIGHT_ID,1
vietnormalizer,FRACTION,4
vietnormalizer,FRACTIONAL_DURATION,1
vietnormalizer,GATE,1
vietnormalizer,HOUSE_NUMBER,1
vietnormalizer,IDENTIFIER,3
vietnormalizer,INTERVAL,1
vietnormalizer,INVOICE_ID,1
vietnormalizer,ISO_DATE,1
vietnormalizer,KILOMETER_MARKER,1
vietnormalizer,LICENSE_PLATE,2
vietnormalizer,LOCKER,1
vietnormalizer,MEASURE,14
vietnormalizer,MEASURE_RANGE,1
vietnormalizer,MEDIA_TIMESTAMP,1
vietnormalizer,MEDICAL_RATIO,2
vietnormalizer,MONEY,18
vietnormalizer,MONEY_RANGE,1
vietnormalizer,MONEY_RATE,1
vietnormalizer,MONTH_YEAR,2
vietnormalizer,NATIONAL_ID,1
vietnormalizer,NEGATIVE_QUANTITY,1
vietnormalizer,ORDER_ID,1
vietnormalizer,ORDINAL_ROMAN,1
vietnormalizer,PASSPORT_ID,1
vietnormalizer,PERCENT,3
vietnormalizer,PERCENT_RANGE,1
vietnormalizer,PHONE,10
vietnormalizer,PHONE_EXTENSION,1
vietnormalizer,PIN,1
vietnormalizer,POSTAL_CODE,1
vietnormalizer,POWER,3
vietnormalizer,PROBABILITY,1
vietnormalizer,QUANTITY,19
vietnormalizer,QUARTER_YEAR,1
vietnormalizer,QUEUE_ID,1
vietnormalizer,RADICAL,1
vietnormalizer,RANGE,2
vietnormalizer,RATIO,3
vietnormalizer,RECORD_ID,1
vietnormalizer,ROAD_ROUTE,1
vietnormalizer,ROOM,4
vietnormalizer,SCIENTIFIC_NOTATION,1
vietnormalizer,SCORE,2
vietnormalizer,SCORE_SCALE,1
vietnormalizer,SEAT,1
vietnormalizer,SERVICE_PHONE,1
vietnormalizer,SIGNED_NUMBER,2
vietnormalizer,SIGNED_PERCENT,2
vietnormalizer,STUDENT_ID,1
vietnormalizer,TABLE_NUMBER,1
vietnormalizer,TAX_ID,1
vietnormalizer,TEMPERATURE,3
vietnormalizer,TIME,9
vietnormalizer,TIME_RANGE,1
vietnormalizer,TRACKING_ID,1
vietnormalizer,TRAIN_ID,1
vietnormalizer,VERSION,2
vietnormalizer,YEAR,7
vietnormalizer,YEAR_BCE,1
vietnormalizer,YEAR_RANGE,2
